core,l1i_size,l1d_size,l2_size,l1d_assoc,l1i_assoc,l2_assoc,sys_clock,latency,area,power
5.0,3.0,6.0,7.0,4.0,4.0,4.0,3.2,0.0,0.0,0.0
7.0,3.0,9.0,6.0,4.0,4.0,1.0,3.4,0.0,0.0,0.0
9.0,5.0,3.0,11.0,1.0,1.0,1.0,3.7,0.000371,110.61,15.557
1.0,8.0,5.0,12.0,1.0,2.0,4.0,3.5,0.000171,41.608,4.072
8.0,7.0,5.0,16.0,2.0,4.0,3.0,2.0,0.000305,598.85,41.352
14.0,10.0,3.0,8.0,3.0,1.0,3.0,3.6,0.000515,283.55,32.397
14.0,10.0,5.0,10.0,3.0,4.0,4.0,3.8,0.000515,314.24,34.242
2.0,9.0,5.0,12.0,4.0,2.0,3.0,3.7,0.000129,81.218,6.605
12.0,3.0,9.0,16.0,1.0,2.0,4.0,3.1,0.00045,1358.9,74.017
16.0,2.0,9.0,6.0,3.0,4.0,2.0,2.5,0.0,0.0,0.0
8.0,2.0,5.0,14.0,2.0,4.0,3.0,3.8,0.0,0.0,0.0
12.0,9.0,6.0,16.0,1.0,4.0,2.0,3.6,0.00045,662.16,51.089
7.0,8.0,2.0,13.0,3.0,2.0,4.0,3.5,0.0,0.0,0.0
12.0,8.0,7.0,6.0,3.0,4.0,1.0,2.7,0.00045,223.9,24.428
6.0,10.0,4.0,7.0,3.0,1.0,1.0,2.2,0.000226,124.75,14.086
1.0,9.0,2.0,10.0,2.0,3.0,1.0,3.9,0.000171,26.083,2.705
6.0,7.0,6.0,7.0,2.0,2.0,3.0,3.6,0.000226,72.592,10.476
6.0,6.0,6.0,13.0,3.0,4.0,4.0,2.3,0.000226,166.2,15.51
1.0,6.0,8.0,11.0,4.0,2.0,3.0,2.3,0.000169,33.462,3.114
9.0,10.0,5.0,15.0,4.0,1.0,2.0,2.0,0.000333,452.43,35.317
13.0,4.0,2.0,8.0,4.0,4.0,2.0,3.6,0.0,0.0,0.0
15.0,5.0,10.0,16.0,1.0,4.0,3.0,3.3,0.000586,829.37,62.316
2.0,6.0,4.0,9.0,1.0,3.0,1.0,2.2,0.000129,29.655,3.919
10.0,6.0,4.0,12.0,3.0,2.0,1.0,3.7,0.000382,162.59,18.896
2.0,5.0,9.0,8.0,1.0,4.0,2.0,3.1,0.000129,41.43,4.739
4.0,5.0,8.0,15.0,2.0,4.0,1.0,3.2,0.00019,301.96,20.665
10.0,10.0,9.0,6.0,3.0,4.0,3.0,2.0,0.000383,242.59,27.166
6.0,5.0,7.0,15.0,2.0,3.0,4.0,2.6,0.000226,625.71,41.28
9.0,3.0,8.0,14.0,3.0,4.0,2.0,2.2,0.0,0.0,0.0
2.0,3.0,4.0,8.0,2.0,2.0,3.0,3.0,0.000129,25.903,3.569
9.0,7.0,7.0,11.0,1.0,3.0,2.0,3.9,0.000332,136.78,17.204
16.0,4.0,10.0,7.0,3.0,1.0,4.0,2.2,0.0,0.0,0.0
13.0,4.0,4.0,11.0,1.0,4.0,1.0,3.8,0.000468,205.96,23.69
8.0,3.0,6.0,11.0,3.0,1.0,4.0,2.8,0.000305,117.8,14.88
4.0,2.0,6.0,6.0,1.0,1.0,4.0,2.3,0.0,0.0,0.0
2.0,5.0,5.0,15.0,4.0,2.0,1.0,3.4,0.000129,267.37,16.45
6.0,5.0,4.0,7.0,4.0,4.0,3.0,3.7,0.000226,121.11,11.517
9.0,9.0,7.0,7.0,2.0,3.0,1.0,2.0,0.000333,139.89,18.589
1.0,6.0,7.0,13.0,4.0,3.0,4.0,2.2,0.000169,79.964,6.438
3.0,7.0,9.0,7.0,3.0,2.0,4.0,3.1,0.0,0.0,0.0
9.0,4.0,10.0,9.0,3.0,2.0,2.0,3.1,0.000332,168.04,20.522
3.0,6.0,3.0,13.0,1.0,3.0,2.0,3.2,0.000149,108.5,8.943
10.0,2.0,7.0,8.0,3.0,3.0,2.0,3.0,0.0,0.0,0.0
4.0,10.0,3.0,9.0,2.0,1.0,2.0,3.2,0.00019,79.69,9.447
3.0,6.0,10.0,7.0,1.0,1.0,1.0,2.9,0.000149,60.794,7.02
12.0,9.0,9.0,8.0,1.0,3.0,1.0,3.6,0.00045,222.2,27.606
6.0,4.0,4.0,8.0,3.0,3.0,1.0,3.6,0.000226,88.852,10.598
10.0,4.0,5.0,8.0,1.0,3.0,2.0,2.5,0.00038,127.23,17.218
10.0,8.0,10.0,8.0,1.0,2.0,3.0,2.2,0.000381,209.52,24.317
15.0,8.0,10.0,10.0,4.0,4.0,1.0,3.2,0.000586,400.32,39.44
11.0,4.0,6.0,13.0,1.0,4.0,1.0,2.1,0.000413,228.36,23.345
12.0,4.0,4.0,8.0,3.0,3.0,4.0,3.8,0.00045,177.54,21.192
13.0,4.0,3.0,9.0,4.0,1.0,2.0,3.6,0.0,0.0,0.0
11.0,10.0,9.0,16.0,2.0,2.0,3.0,3.5,0.000413,723.3,54.968
16.0,5.0,8.0,11.0,3.0,2.0,1.0,2.2,0.000592,238.77,30.282
12.0,4.0,10.0,9.0,3.0,3.0,3.0,3.7,0.00045,242.8,27.901
12.0,4.0,9.0,15.0,1.0,1.0,4.0,2.5,0.00045,717.02,53.848
5.0,6.0,8.0,9.0,1.0,4.0,4.0,3.1,0.000195,91.535,10.42
13.0,10.0,4.0,14.0,1.0,1.0,3.0,2.3,0.000468,373.11,36.817
9.0,3.0,4.0,15.0,1.0,4.0,2.0,3.2,0.0,0.0,0.0
14.0,8.0,4.0,11.0,4.0,2.0,4.0,2.6,0.000515,246.01,27.713
4.0,8.0,10.0,12.0,1.0,3.0,3.0,2.7,0.00019,130.69,12.216
13.0,10.0,2.0,9.0,4.0,1.0,1.0,3.9,0.0,0.0,0.0
8.0,6.0,5.0,8.0,3.0,2.0,2.0,2.8,0.000305,106.9,13.962
10.0,6.0,9.0,8.0,3.0,4.0,4.0,2.3,0.000399,202.98,21.866
7.0,8.0,5.0,10.0,1.0,1.0,1.0,3.8,0.000269,94.73,12.923
1.0,10.0,6.0,16.0,2.0,1.0,3.0,3.8,0.000171,492.5,28.88
10.0,8.0,10.0,16.0,3.0,3.0,1.0,2.3,0.000379,651.7,50.709
15.0,9.0,7.0,10.0,4.0,3.0,4.0,2.3,0.000586,311.9,33.28
13.0,8.0,5.0,14.0,1.0,3.0,2.0,3.4,0.000468,305.61,30.737
14.0,6.0,4.0,13.0,2.0,3.0,1.0,3.2,0.000515,241.63,27.347
14.0,8.0,7.0,15.0,1.0,4.0,2.0,2.9,0.000515,474.03,41.022
1.0,8.0,4.0,16.0,4.0,3.0,2.0,2.2,0.000169,472.49,28.604
1.0,7.0,6.0,12.0,3.0,2.0,4.0,2.8,0.000169,43.067,4.12
16.0,4.0,9.0,14.0,1.0,3.0,1.0,3.8,0.000608,382.8,39.066
14.0,3.0,7.0,7.0,4.0,1.0,2.0,3.6,0.000515,224.76,25.374
6.0,3.0,8.0,16.0,3.0,3.0,2.0,3.6,0.000226,545.05,37.886
7.0,5.0,7.0,10.0,1.0,1.0,3.0,3.4,0.000269,86.707,12.423
2.0,4.0,6.0,16.0,3.0,3.0,2.0,3.2,0.000217,483.47,29.983
13.0,4.0,9.0,10.0,3.0,2.0,3.0,3.9,0.000468,204.94,25.982
8.0,2.0,8.0,11.0,4.0,2.0,3.0,2.6,0.000305,149.59,16.103
3.0,4.0,9.0,15.0,2.0,3.0,4.0,3.6,0.000149,597.22,36.504
6.0,4.0,4.0,13.0,3.0,3.0,4.0,2.7,0.000226,147.56,14.815
4.0,5.0,6.0,7.0,1.0,2.0,4.0,3.0,0.0,0.0,0.0
16.0,3.0,4.0,6.0,1.0,1.0,2.0,2.1,0.000592,168.34,26.165
16.0,10.0,9.0,11.0,3.0,1.0,2.0,2.3,0.000592,381.95,42.564
8.0,8.0,5.0,13.0,4.0,4.0,2.0,2.7,0.000305,239.34,20.108
8.0,6.0,9.0,14.0,4.0,2.0,4.0,2.8,0.000305,279.37,24.568
11.0,9.0,3.0,9.0,1.0,1.0,1.0,2.0,0.000413,156.34,21.879
16.0,7.0,8.0,15.0,3.0,2.0,4.0,2.5,0.000592,776.5,60.432
5.0,2.0,2.0,12.0,2.0,1.0,4.0,2.8,0.000195,82.195,10.342
5.0,3.0,9.0,16.0,3.0,1.0,1.0,3.7,0.000195,518.19,36.043
2.0,10.0,4.0,6.0,3.0,1.0,4.0,2.2,0.0,0.0,0.0
7.0,2.0,9.0,16.0,2.0,3.0,2.0,3.4,0.0,0.0,0.0
13.0,7.0,6.0,10.0,2.0,2.0,1.0,3.8,0.000468,161.04,22.829
6.0,7.0,8.0,15.0,1.0,3.0,4.0,3.7,0.000226,632.83,41.694
7.0,10.0,8.0,16.0,1.0,3.0,1.0,2.8,0.000269,574.72,42.87
6.0,3.0,4.0,6.0,2.0,4.0,1.0,2.1,0.0,0.0,0.0
3.0,10.0,9.0,14.0,3.0,1.0,3.0,2.1,0.000149,203.34,15.343
5.0,10.0,2.0,13.0,2.0,4.0,4.0,2.0,0.000195,160.12,16.313
9.0,3.0,6.0,11.0,1.0,3.0,1.0,3.2,0.000332,125.89,16.279
2.0,6.0,7.0,8.0,3.0,4.0,1.0,2.9,0.000129,38.672,4.37
4.0,8.0,5.0,14.0,2.0,3.0,3.0,3.6,0.00019,189.2,14.728
13.0,9.0,3.0,8.0,4.0,1.0,3.0,2.5,0.0,0.0,0.0
7.0,7.0,8.0,14.0,3.0,1.0,4.0,3.1,0.000269,234.53,21.113
5.0,3.0,2.0,10.0,3.0,4.0,3.0,3.0,0.0,0.0,0.0
12.0,6.0,7.0,14.0,1.0,1.0,2.0,3.0,0.00045,266.64,27.651
11.0,7.0,3.0,13.0,3.0,4.0,4.0,3.1,0.000413,248.79,24.739
13.0,3.0,2.0,8.0,1.0,4.0,3.0,2.7,0.0,0.0,0.0
11.0,7.0,7.0,12.0,3.0,4.0,3.0,3.7,0.000413,239.5,23.561
6.0,2.0,4.0,10.0,2.0,2.0,1.0,2.5,0.000226,75.851,10.493
14.0,2.0,3.0,14.0,3.0,1.0,2.0,2.8,0.000515,298.08,30.385
3.0,10.0,3.0,7.0,2.0,2.0,4.0,2.0,0.0,0.0,0.0
12.0,9.0,6.0,9.0,2.0,4.0,2.0,3.3,0.00045,214.94,25.214
15.0,7.0,10.0,9.0,4.0,1.0,3.0,3.3,0.000586,321.18,36.064
7.0,2.0,10.0,12.0,4.0,1.0,4.0,3.9,0.000269,172.14,18.32
14.0,2.0,7.0,13.0,1.0,2.0,3.0,2.0,0.000515,214.7,27.438
4.0,6.0,10.0,11.0,3.0,4.0,4.0,3.9,0.00019,107.47,11.066
10.0,9.0,6.0,8.0,4.0,2.0,2.0,2.8,0.00038,199.86,21.499
1.0,8.0,2.0,11.0,4.0,4.0,3.0,2.0,0.0,0.0,0.0
3.0,3.0,2.0,12.0,3.0,4.0,3.0,3.1,0.0,0.0,0.0
16.0,7.0,8.0,13.0,1.0,4.0,3.0,2.4,0.000592,328.99,35.18
14.0,4.0,2.0,8.0,3.0,3.0,2.0,3.8,0.0,0.0,0.0
10.0,8.0,6.0,14.0,3.0,4.0,3.0,3.3,0.00038,316.4,27.156
11.0,9.0,5.0,13.0,4.0,4.0,1.0,2.2,0.000413,307.74,27.741
5.0,5.0,4.0,9.0,1.0,1.0,3.0,2.4,0.000195,59.0,8.587
16.0,3.0,8.0,16.0,2.0,1.0,1.0,3.3,0.000608,633.63,54.296
2.0,10.0,5.0,14.0,4.0,3.0,1.0,2.3,0.000129,171.73,12.198
14.0,3.0,6.0,16.0,3.0,2.0,4.0,2.1,0.000515,1366.2,74.713
7.0,3.0,8.0,7.0,4.0,3.0,4.0,3.2,0.0,0.0,0.0
4.0,9.0,3.0,8.0,4.0,2.0,2.0,3.6,0.0,0.0,0.0
9.0,8.0,10.0,10.0,4.0,2.0,3.0,3.5,0.000371,204.59,22.692
4.0,2.0,7.0,10.0,1.0,4.0,3.0,2.3,0.0,0.0,0.0
8.0,10.0,6.0,10.0,2.0,4.0,2.0,2.4,0.000305,170.6,19.6
9.0,5.0,8.0,14.0,1.0,2.0,4.0,2.8,0.000333,244.49,24.024
9.0,9.0,6.0,10.0,4.0,2.0,4.0,3.1,0.000332,188.6,19.986
16.0,5.0,7.0,8.0,2.0,4.0,2.0,2.1,0.000592,256.05,29.845
11.0,10.0,4.0,16.0,2.0,3.0,4.0,3.5,0.000413,1378.6,75.274
11.0,3.0,4.0,8.0,3.0,2.0,1.0,3.7,0.000413,141.44,18.567
2.0,4.0,3.0,9.0,2.0,3.0,4.0,3.0,0.000129,32.885,4.075
1.0,2.0,6.0,15.0,2.0,1.0,2.0,2.8,0.000169,252.7,15.226
11.0,6.0,10.0,12.0,1.0,1.0,3.0,3.1,0.000413,255.73,27.321
5.0,3.0,6.0,8.0,1.0,3.0,1.0,2.2,0.000195,64.063,8.894
4.0,6.0,7.0,9.0,3.0,1.0,3.0,2.0,0.000146,59.498,7.547
3.0,4.0,8.0,11.0,2.0,1.0,3.0,2.8,0.000149,52.336,6.286
1.0,10.0,7.0,7.0,3.0,2.0,3.0,3.2,0.000171,24.401,2.801
3.0,10.0,9.0,15.0,4.0,4.0,3.0,2.7,0.000149,335.27,22.08
10.0,10.0,4.0,6.0,1.0,2.0,2.0,2.6,0.000381,185.88,22.789
14.0,6.0,10.0,6.0,3.0,3.0,3.0,3.5,0.000515,281.01,32.648
5.0,8.0,3.0,11.0,1.0,3.0,1.0,3.9,0.000195,83.151,10.063
10.0,9.0,4.0,8.0,1.0,2.0,2.0,3.5,0.000382,147.75,19.849
11.0,7.0,6.0,8.0,2.0,4.0,4.0,3.2,0.000413,180.3,20.816
4.0,4.0,6.0,10.0,1.0,1.0,2.0,3.2,0.00019,54.223,7.194
4.0,9.0,2.0,12.0,4.0,3.0,3.0,3.3,0.0,0.0,0.0
13.0,9.0,2.0,7.0,4.0,1.0,1.0,2.1,0.0,0.0,0.0
4.0,4.0,10.0,14.0,3.0,3.0,3.0,3.5,0.00019,213.54,16.648
8.0,5.0,3.0,14.0,3.0,2.0,1.0,2.1,0.000305,225.14,20.648
11.0,8.0,7.0,10.0,1.0,4.0,4.0,3.2,0.000413,194.81,22.474
12.0,6.0,7.0,13.0,2.0,2.0,1.0,3.0,0.00045,203.2,24.041
4.0,10.0,4.0,14.0,4.0,3.0,1.0,3.8,0.00019,214.28,16.667
1.0,9.0,5.0,12.0,2.0,4.0,2.0,2.3,0.000169,53.334,4.528
8.0,7.0,7.0,16.0,2.0,4.0,4.0,3.1,0.000305,1316.7,65.694
16.0,5.0,8.0,13.0,4.0,1.0,4.0,2.8,0.000592,327.26,34.508
5.0,4.0,2.0,12.0,4.0,1.0,1.0,2.2,0.0,0.0,0.0
6.0,9.0,8.0,16.0,3.0,2.0,2.0,3.6,0.000226,560.19,39.188
4.0,6.0,2.0,13.0,4.0,2.0,4.0,2.0,0.0,0.0,0.0
8.0,8.0,4.0,16.0,2.0,3.0,2.0,2.2,0.000305,562.86,40.948
6.0,4.0,8.0,15.0,1.0,2.0,4.0,2.7,0.000226,620.06,41.529
2.0,10.0,5.0,14.0,1.0,2.0,4.0,3.4,0.000129,171.81,12.704
4.0,2.0,8.0,7.0,1.0,4.0,1.0,3.6,0.0,0.0,0.0
8.0,2.0,2.0,10.0,4.0,3.0,4.0,2.5,0.0,0.0,0.0
5.0,10.0,7.0,14.0,4.0,4.0,2.0,3.2,0.000195,255.7,19.944
13.0,5.0,9.0,10.0,3.0,2.0,3.0,3.8,0.000468,205.73,26.099
9.0,4.0,3.0,11.0,3.0,2.0,3.0,2.8,0.000333,126.25,16.058
9.0,7.0,8.0,10.0,4.0,1.0,2.0,2.4,0.000333,165.2,18.267
9.0,5.0,5.0,7.0,2.0,4.0,2.0,3.8,0.000371,140.32,16.145
5.0,10.0,9.0,12.0,2.0,1.0,1.0,2.4,0.000195,148.26,15.072
2.0,2.0,8.0,12.0,4.0,2.0,2.0,3.7,0.000129,69.29,5.741
3.0,5.0,8.0,8.0,3.0,2.0,4.0,3.1,0.000149,48.182,5.947
6.0,5.0,6.0,8.0,3.0,4.0,3.0,2.2,0.000226,107.8,11.49
10.0,5.0,9.0,6.0,3.0,1.0,3.0,3.4,0.00038,152.67,19.794
9.0,2.0,2.0,11.0,2.0,2.0,1.0,2.3,0.000333,112.46,15.614
14.0,5.0,5.0,14.0,4.0,1.0,2.0,3.2,0.000515,348.43,31.799
5.0,6.0,2.0,7.0,2.0,4.0,4.0,3.7,0.0,0.0,0.0
8.0,6.0,2.0,16.0,2.0,2.0,4.0,2.8,0.000305,1274.9,63.887
14.0,8.0,6.0,13.0,1.0,2.0,2.0,3.7,0.000515,240.19,28.692
1.0,9.0,2.0,13.0,2.0,4.0,3.0,2.7,0.000169,75.575,6.183
4.0,3.0,2.0,12.0,4.0,2.0,2.0,3.9,0.0,0.0,0.0
7.0,10.0,8.0,14.0,3.0,2.0,2.0,3.1,0.000269,281.98,24.116
3.0,7.0,2.0,13.0,1.0,2.0,2.0,2.9,0.000149,104.45,8.852
16.0,2.0,10.0,7.0,4.0,1.0,4.0,3.6,0.0,0.0,0.0
10.0,8.0,6.0,11.0,4.0,1.0,4.0,2.0,0.000383,187.14,20.637
14.0,6.0,7.0,8.0,3.0,1.0,3.0,3.3,0.000515,189.46,24.969
13.0,10.0,2.0,15.0,1.0,1.0,1.0,2.3,0.000468,473.48,42.219
11.0,7.0,7.0,14.0,1.0,3.0,1.0,3.5,0.000413,274.14,26.934
3.0,10.0,9.0,11.0,1.0,2.0,3.0,3.1,0.000149,82.91,8.841
7.0,4.0,4.0,15.0,1.0,4.0,3.0,3.6,0.000269,356.93,25.696
14.0,7.0,7.0,10.0,3.0,1.0,1.0,2.7,0.000515,200.95,25.909
9.0,8.0,10.0,10.0,1.0,1.0,2.0,2.8,0.000333,196.21,22.144
14.0,3.0,4.0,10.0,3.0,2.0,2.0,2.3,0.000515,187.21,24.168
9.0,9.0,2.0,14.0,3.0,2.0,1.0,3.7,0.0,0.0,0.0
11.0,7.0,6.0,14.0,2.0,1.0,4.0,3.1,0.000413,260.28,26.893
2.0,2.0,7.0,12.0,2.0,1.0,4.0,2.5,0.000129,51.975,5.653
7.0,5.0,3.0,15.0,2.0,1.0,3.0,3.4,0.000269,329.42,24.915
7.0,2.0,7.0,13.0,3.0,3.0,2.0,2.0,0.0,0.0,0.0
1.0,9.0,2.0,8.0,3.0,1.0,1.0,2.7,0.0,0.0,0.0
3.0,10.0,4.0,6.0,2.0,2.0,4.0,2.9,0.0,0.0,0.0
8.0,9.0,10.0,11.0,3.0,4.0,1.0,2.6,0.000305,212.39,22.39
6.0,5.0,6.0,15.0,4.0,4.0,3.0,2.0,0.000226,376.21,25.527
16.0,2.0,3.0,16.0,4.0,3.0,3.0,2.2,0.0,0.0,0.0
14.0,5.0,10.0,13.0,4.0,4.0,4.0,2.5,0.000515,411.7,38.818
9.0,10.0,6.0,15.0,4.0,3.0,3.0,2.9,0.000333,456.34,35.199
1.0,2.0,9.0,13.0,3.0,2.0,4.0,2.6,0.000169,77.08,6.239
16.0,7.0,4.0,12.0,4.0,1.0,1.0,3.1,0.000608,283.76,30.796
1.0,6.0,10.0,6.0,3.0,4.0,1.0,3.0,0.000171,24.58,2.972
11.0,6.0,2.0,9.0,1.0,3.0,1.0,2.2,0.000413,140.9,19.142
5.0,6.0,8.0,15.0,3.0,2.0,1.0,2.5,0.000195,306.03,22.104
12.0,6.0,6.0,12.0,4.0,4.0,1.0,2.6,0.00045,278.82,25.336
14.0,5.0,2.0,15.0,2.0,2.0,2.0,3.2,0.000515,392.73,36.328
13.0,5.0,4.0,10.0,3.0,1.0,3.0,3.4,0.000468,171.3,22.459
16.0,4.0,4.0,6.0,3.0,4.0,3.0,3.6,0.000608,268.08,28.982
16.0,7.0,3.0,15.0,3.0,3.0,4.0,2.0,0.000592,776.1,59.283
10.0,3.0,9.0,7.0,2.0,3.0,4.0,3.1,0.0,0.0,0.0
8.0,2.0,3.0,15.0,2.0,2.0,3.0,2.1,0.000305,340.33,26.689
3.0,5.0,2.0,16.0,1.0,4.0,1.0,2.2,0.000149,488.69,31.964
2.0,2.0,2.0,14.0,3.0,3.0,1.0,3.9,0.0,0.0,0.0
1.0,10.0,5.0,13.0,2.0,3.0,3.0,3.8,0.000171,75.862,6.085
9.0,5.0,4.0,9.0,4.0,1.0,2.0,3.7,0.000371,141.35,16.055
15.0,2.0,7.0,11.0,4.0,1.0,1.0,3.8,0.000586,254.0,27.925
6.0,10.0,3.0,8.0,2.0,2.0,2.0,2.9,0.000226,114.93,13.771
4.0,2.0,7.0,8.0,1.0,4.0,2.0,2.7,0.0,0.0,0.0
2.0,6.0,7.0,6.0,1.0,4.0,2.0,2.7,0.000129,33.982,4.208
6.0,3.0,2.0,9.0,1.0,1.0,1.0,2.7,0.000226,66.719,9.94
10.0,6.0,10.0,12.0,2.0,1.0,3.0,2.6,0.00038,236.34,25.124
11.0,7.0,7.0,13.0,4.0,4.0,1.0,3.3,0.000413,294.36,25.581
8.0,9.0,7.0,8.0,1.0,2.0,1.0,3.3,0.000305,123.5,16.432
9.0,10.0,6.0,11.0,3.0,4.0,4.0,3.1,0.000332,212.44,23.049
12.0,7.0,8.0,13.0,1.0,3.0,2.0,2.9,0.00045,242.26,26.377
6.0,6.0,4.0,14.0,2.0,2.0,4.0,2.4,0.000226,200.78,18.207
5.0,4.0,3.0,15.0,3.0,2.0,3.0,3.0,0.000195,315.88,21.977
6.0,6.0,9.0,10.0,1.0,4.0,2.0,3.7,0.000226,124.79,13.224
12.0,9.0,3.0,8.0,3.0,1.0,2.0,3.5,0.00045,188.8,24.134
2.0,2.0,5.0,16.0,3.0,3.0,3.0,3.6,0.0,0.0,0.0
12.0,7.0,3.0,8.0,4.0,1.0,3.0,3.9,0.0,0.0,0.0
7.0,2.0,5.0,10.0,3.0,4.0,2.0,3.1,0.0,0.0,0.0
2.0,5.0,6.0,15.0,1.0,2.0,1.0,2.4,0.000129,257.84,16.227
8.0,7.0,10.0,10.0,2.0,2.0,2.0,2.2,0.000305,170.06,19.233
10.0,10.0,10.0,14.0,4.0,4.0,4.0,2.5,0.000381,429.4,38.491
12.0,5.0,8.0,7.0,3.0,2.0,2.0,2.4,0.00045,169.56,22.128
5.0,5.0,2.0,8.0,4.0,3.0,2.0,2.1,0.0,0.0,0.0
12.0,3.0,5.0,16.0,2.0,1.0,4.0,2.6,0.00045,1315.2,70.287
11.0,4.0,2.0,9.0,3.0,4.0,1.0,2.1,0.0,0.0,0.0
12.0,9.0,10.0,11.0,2.0,4.0,1.0,3.6,0.00045,325.6,33.053
11.0,6.0,7.0,15.0,1.0,4.0,3.0,3.3,0.000413,428.5,33.897
3.0,6.0,3.0,16.0,3.0,1.0,2.0,3.0,0.000149,491.33,31.419
8.0,7.0,6.0,10.0,3.0,4.0,4.0,2.0,0.000305,153.25,16.325
10.0,4.0,6.0,6.0,1.0,4.0,4.0,3.9,0.0,0.0,0.0
7.0,6.0,7.0,16.0,4.0,3.0,3.0,2.5,0.000269,598.99,39.671
11.0,4.0,7.0,7.0,4.0,3.0,2.0,3.2,0.000413,197.76,20.749
15.0,4.0,9.0,9.0,1.0,2.0,1.0,2.2,0.000586,219.8,29.716
2.0,10.0,10.0,13.0,4.0,3.0,2.0,3.8,0.000129,125.68,9.815
16.0,8.0,2.0,12.0,4.0,2.0,3.0,2.1,0.0,0.0,0.0
12.0,7.0,9.0,9.0,3.0,1.0,4.0,3.1,0.00045,194.07,24.826
7.0,4.0,4.0,13.0,1.0,3.0,3.0,2.5,0.000269,144.06,15.412
16.0,9.0,2.0,15.0,2.0,1.0,4.0,2.5,0.000592,770.2,61.635
7.0,8.0,9.0,7.0,3.0,3.0,2.0,2.5,0.000269,127.9,15.171
11.0,4.0,4.0,15.0,3.0,2.0,4.0,3.4,0.000413,685.87,48.844
15.0,10.0,10.0,10.0,2.0,3.0,2.0,2.9,0.000586,399.9,43.728
5.0,2.0,7.0,7.0,4.0,4.0,2.0,3.9,0.0,0.0,0.0
15.0,9.0,10.0,13.0,3.0,2.0,1.0,2.2,0.000586,392.19,42.364
4.0,3.0,10.0,12.0,2.0,4.0,4.0,2.5,0.0,0.0,0.0
16.0,9.0,10.0,15.0,1.0,2.0,4.0,3.5,0.000608,916.77,71.748
13.0,6.0,7.0,8.0,3.0,2.0,1.0,3.7,0.000468,176.5,23.129
2.0,3.0,10.0,9.0,4.0,3.0,4.0,3.0,0.000129,51.825,5.526
4.0,8.0,2.0,13.0,3.0,4.0,4.0,3.0,0.0,0.0,0.0
4.0,4.0,8.0,14.0,4.0,4.0,2.0,3.0,0.00019,213.58,15.478
5.0,7.0,4.0,15.0,2.0,2.0,2.0,3.4,0.000195,298.41,22.006
5.0,3.0,3.0,12.0,1.0,4.0,2.0,3.1,0.0,0.0,0.0
11.0,6.0,8.0,6.0,4.0,4.0,4.0,2.9,0.0,0.0,0.0
10.0,8.0,7.0,10.0,2.0,1.0,4.0,2.5,0.00038,137.86,19.193
15.0,4.0,9.0,7.0,1.0,3.0,3.0,3.5,0.000586,243.27,30.238
11.0,7.0,10.0,15.0,4.0,3.0,4.0,3.2,0.000413,796.8,57.181
7.0,4.0,5.0,14.0,2.0,2.0,1.0,3.0,0.000269,203.19,18.518
2.0,7.0,8.0,6.0,3.0,3.0,3.0,3.9,0.000129,34.638,4.147
14.0,5.0,6.0,9.0,3.0,4.0,4.0,2.5,0.000515,249.33,26.617
1.0,8.0,7.0,15.0,2.0,2.0,1.0,3.9,0.000171,248.5,14.698
11.0,8.0,5.0,10.0,1.0,4.0,1.0,3.1,0.000413,187.91,21.604
3.0,8.0,4.0,7.0,2.0,3.0,2.0,3.2,0.000149,43.516,5.698
14.0,7.0,10.0,16.0,3.0,2.0,2.0,2.5,0.000515,713.85,58.606
6.0,10.0,4.0,8.0,1.0,4.0,2.0,3.3,0.000226,120.86,14.175
5.0,7.0,7.0,15.0,2.0,1.0,3.0,2.5,0.000195,313.71,22.357
8.0,5.0,9.0,15.0,4.0,1.0,1.0,2.4,0.000305,378.03,29.234
16.0,4.0,5.0,11.0,2.0,3.0,3.0,2.2,0.000592,216.63,28.231
13.0,9.0,2.0,14.0,4.0,2.0,2.0,2.6,0.0,0.0,0.0
1.0,6.0,2.0,10.0,2.0,1.0,1.0,2.3,0.000169,22.243,2.316
13.0,7.0,3.0,13.0,4.0,3.0,2.0,3.3,0.0,0.0,0.0
12.0,7.0,8.0,12.0,4.0,3.0,2.0,2.6,0.00045,261.75,26.106
3.0,4.0,5.0,9.0,1.0,2.0,4.0,3.4,0.000149,40.15,5.49
15.0,3.0,2.0,8.0,1.0,1.0,4.0,2.8,0.000586,161.2,24.592
14.0,4.0,5.0,16.0,3.0,4.0,3.0,3.8,0.000515,706.73,51.794
2.0,10.0,9.0,8.0,3.0,1.0,3.0,2.3,0.000129,50.168,5.729
8.0,3.0,8.0,8.0,1.0,3.0,2.0,2.4,0.000305,111.04,14.795
10.0,2.0,9.0,16.0,1.0,4.0,1.0,3.8,0.0,0.0,0.0
14.0,3.0,9.0,14.0,1.0,2.0,4.0,3.9,0.000515,334.82,35.203
14.0,5.0,10.0,12.0,4.0,3.0,4.0,2.3,0.000515,341.71,35.8
3.0,5.0,7.0,7.0,1.0,3.0,1.0,2.6,0.000149,41.397,5.527
4.0,3.0,2.0,14.0,4.0,2.0,1.0,2.9,0.0,0.0,0.0
16.0,2.0,8.0,14.0,3.0,4.0,1.0,3.9,0.0,0.0,0.0
1.0,6.0,9.0,13.0,2.0,3.0,3.0,3.5,0.000171,75.218,5.866
15.0,10.0,2.0,10.0,2.0,4.0,4.0,2.9,0.000586,306.44,35.749
6.0,7.0,10.0,16.0,4.0,4.0,4.0,3.5,0.000226,1339.8,65.728
8.0,6.0,2.0,7.0,2.0,4.0,1.0,3.1,0.000305,124.77,14.426
9.0,6.0,10.0,10.0,2.0,1.0,2.0,3.4,0.000332,186.09,21.089
2.0,9.0,9.0,15.0,3.0,3.0,2.0,2.0,0.000129,279.98,18.444
7.0,6.0,3.0,13.0,3.0,1.0,3.0,3.6,0.000269,144.27,15.452
1.0,8.0,3.0,7.0,3.0,4.0,1.0,3.9,0.000171,20.04,2.411
16.0,10.0,7.0,15.0,1.0,2.0,2.0,2.1,0.000592,545.49,50.887
4.0,2.0,3.0,14.0,3.0,2.0,2.0,3.7,0.00019,179.4,13.797
5.0,5.0,5.0,7.0,3.0,4.0,3.0,3.9,0.000195,89.052,9.501
5.0,6.0,5.0,7.0,3.0,1.0,1.0,3.3,0.000195,66.383,8.725
10.0,9.0,8.0,12.0,1.0,2.0,2.0,2.1,0.000383,195.15,23.113
14.0,8.0,7.0,11.0,2.0,2.0,2.0,2.7,0.000515,191.9,26.571
2.0,7.0,3.0,13.0,3.0,2.0,2.0,2.8,0.000129,96.719,7.318
5.0,10.0,8.0,7.0,4.0,1.0,4.0,2.9,0.0,0.0,0.0
9.0,6.0,5.0,8.0,4.0,1.0,4.0,3.4,0.000332,148.1,16.499
1.0,4.0,5.0,13.0,1.0,3.0,4.0,2.6,0.000169,74.378,6.062
11.0,3.0,5.0,9.0,4.0,1.0,2.0,3.5,0.000413,175.41,19.569
12.0,8.0,8.0,14.0,4.0,1.0,4.0,2.4,0.00045,349.51,32.461
14.0,4.0,2.0,10.0,4.0,4.0,1.0,2.6,0.0,0.0,0.0
9.0,9.0,8.0,10.0,1.0,3.0,2.0,3.7,0.000371,155.73,19.451
9.0,2.0,10.0,16.0,1.0,3.0,4.0,2.8,0.0,0.0,0.0
4.0,6.0,4.0,7.0,4.0,4.0,1.0,3.5,0.00019,81.496,8.011
5.0,10.0,8.0,13.0,2.0,1.0,4.0,2.1,0.000195,161.29,16.372
14.0,3.0,5.0,16.0,1.0,4.0,1.0,2.9,0.0,0.0,0.0
2.0,7.0,2.0,7.0,1.0,1.0,3.0,3.1,0.000129,25.378,3.598
10.0,3.0,10.0,13.0,3.0,3.0,2.0,3.1,0.00038,264.33,26.674
8.0,7.0,5.0,9.0,2.0,3.0,3.0,3.7,0.000305,110.52,14.376
11.0,6.0,2.0,16.0,4.0,3.0,2.0,2.4,0.0,0.0,0.0
8.0,4.0,3.0,10.0,4.0,2.0,2.0,2.5,0.0,0.0,0.0
3.0,7.0,8.0,9.0,2.0,1.0,4.0,2.6,0.000149,45.615,6.094
13.0,3.0,6.0,9.0,3.0,4.0,3.0,2.2,0.0,0.0,0.0
3.0,3.0,5.0,7.0,4.0,4.0,1.0,3.9,0.0,0.0,0.0
6.0,9.0,8.0,14.0,1.0,2.0,1.0,2.7,0.000226,222.69,19.755
10.0,5.0,10.0,15.0,3.0,3.0,3.0,3.1,0.00038,452.4,36.622
9.0,6.0,2.0,6.0,1.0,4.0,1.0,2.6,0.000333,137.82,16.276
3.0,7.0,9.0,16.0,3.0,1.0,2.0,2.3,0.000149,501.0,32.421
7.0,2.0,5.0,16.0,2.0,1.0,4.0,2.0,0.000266,1262.0,62.32
8.0,9.0,4.0,14.0,1.0,2.0,2.0,2.2,0.000305,245.92,22.933
1.0,4.0,7.0,15.0,1.0,3.0,2.0,3.2,0.000171,254.87,15.437
1.0,10.0,6.0,11.0,3.0,4.0,4.0,3.6,0.000171,38.757,4.083
15.0,6.0,3.0,8.0,4.0,4.0,2.0,3.9,0.0,0.0,0.0
7.0,10.0,2.0,14.0,1.0,3.0,2.0,2.7,0.000269,250.73,22.733
11.0,8.0,2.0,12.0,4.0,1.0,1.0,2.4,0.0,0.0,0.0
14.0,10.0,8.0,14.0,3.0,1.0,2.0,2.6,0.000515,432.95,41.364
10.0,8.0,6.0,14.0,1.0,3.0,2.0,3.7,0.00038,267.33,25.452
6.0,5.0,3.0,9.0,4.0,2.0,1.0,3.2,0.0,0.0,0.0
10.0,2.0,4.0,7.0,1.0,4.0,4.0,2.5,0.0,0.0,0.0
7.0,9.0,3.0,16.0,4.0,2.0,1.0,2.4,0.0,0.0,0.0
11.0,10.0,9.0,13.0,3.0,4.0,2.0,3.4,0.000413,335.08,33.041
9.0,8.0,7.0,12.0,2.0,4.0,1.0,2.5,0.000333,184.98,19.716
12.0,3.0,2.0,12.0,4.0,1.0,4.0,2.3,0.0,0.0,0.0
8.0,9.0,7.0,14.0,1.0,3.0,1.0,2.8,0.000305,248.35,23.313
11.0,4.0,4.0,12.0,3.0,4.0,2.0,3.5,0.000413,218.48,21.783
13.0,2.0,10.0,10.0,1.0,3.0,3.0,2.0,0.0,0.0,0.0
3.0,7.0,10.0,16.0,2.0,2.0,3.0,2.2,0.000149,533.19,33.515
6.0,9.0,7.0,12.0,4.0,4.0,1.0,3.8,0.000226,169.72,15.246
16.0,3.0,2.0,6.0,1.0,3.0,1.0,2.8,0.000608,190.77,26.758
10.0,4.0,10.0,13.0,3.0,1.0,4.0,3.0,0.00038,240.56,26.566
8.0,5.0,7.0,6.0,1.0,4.0,2.0,3.2,0.000305,127.64,14.822
5.0,4.0,5.0,7.0,4.0,1.0,2.0,3.0,0.000195,80.2,9.016
1.0,9.0,10.0,15.0,2.0,1.0,4.0,2.7,0.000169,245.7,16.526
9.0,10.0,9.0,9.0,1.0,4.0,4.0,3.2,0.000332,217.2,24.545
14.0,6.0,9.0,11.0,1.0,1.0,4.0,3.3,0.000515,218.89,28.894
6.0,8.0,4.0,14.0,2.0,3.0,4.0,3.5,0.000226,216.23,19.011
10.0,7.0,9.0,12.0,4.0,3.0,2.0,3.1,0.00038,236.03,23.496
8.0,6.0,2.0,16.0,1.0,3.0,4.0,2.5,0.000305,1286.6,64.387
9.0,6.0,9.0,6.0,2.0,4.0,1.0,2.7,0.000333,177.6,19.406
5.0,3.0,8.0,6.0,2.0,1.0,1.0,3.4,0.000195,61.411,8.896
15.0,2.0,2.0,10.0,1.0,4.0,2.0,3.1,0.0,0.0,0.0
15.0,3.0,7.0,11.0,4.0,4.0,3.0,2.2,0.0,0.0,0.0
8.0,9.0,10.0,11.0,4.0,4.0,4.0,3.8,0.000305,233.16,23.162
9.0,4.0,4.0,6.0,3.0,3.0,4.0,2.2,0.0,0.0,0.0
11.0,4.0,4.0,16.0,1.0,2.0,4.0,2.7,0.000413,1304.0,68.589
12.0,10.0,4.0,9.0,3.0,2.0,2.0,3.2,0.00045,249.9,28.06
14.0,9.0,7.0,6.0,1.0,1.0,3.0,2.7,0.000515,205.09,28.44
5.0,5.0,8.0,13.0,3.0,4.0,3.0,3.5,0.000195,149.65,13.61
11.0,3.0,2.0,8.0,4.0,2.0,1.0,2.0,0.0,0.0,0.0
3.0,2.0,4.0,10.0,2.0,4.0,4.0,3.7,0.0,0.0,0.0
9.0,6.0,10.0,12.0,1.0,4.0,4.0,2.7,0.000333,244.62,24.111
3.0,7.0,4.0,16.0,1.0,4.0,1.0,2.9,0.000149,490.0,31.959
12.0,2.0,9.0,11.0,1.0,3.0,4.0,2.1,0.0,0.0,0.0
15.0,3.0,8.0,12.0,1.0,1.0,1.0,3.7,0.000586,213.14,28.135
14.0,7.0,4.0,12.0,1.0,2.0,3.0,3.6,0.000515,197.57,25.815
14.0,4.0,9.0,10.0,3.0,1.0,4.0,3.7,0.000515,221.01,28.159
14.0,4.0,7.0,8.0,4.0,4.0,2.0,3.6,0.000515,284.63,27.351
3.0,8.0,6.0,12.0,4.0,1.0,3.0,2.5,0.000149,93.365,8.126
9.0,8.0,6.0,7.0,3.0,1.0,1.0,2.3,0.000333,128.8,16.83
15.0,4.0,9.0,9.0,2.0,1.0,2.0,2.2,0.000586,227.32,29.897
4.0,3.0,2.0,15.0,1.0,1.0,3.0,3.3,0.00019,296.2,20.035
5.0,7.0,3.0,6.0,4.0,2.0,2.0,3.7,0.0,0.0,0.0
16.0,4.0,7.0,15.0,4.0,2.0,3.0,3.6,0.000608,511.8,42.465
3.0,2.0,2.0,15.0,3.0,1.0,4.0,2.2,0.0,0.0,0.0
1.0,2.0,6.0,14.0,3.0,3.0,4.0,3.2,0.0,0.0,0.0
4.0,5.0,6.0,16.0,2.0,1.0,3.0,3.4,0.00019,517.32,33.103
4.0,8.0,4.0,10.0,1.0,3.0,3.0,2.6,0.00019,62.192,8.011
11.0,4.0,10.0,9.0,1.0,2.0,4.0,3.1,0.000413,220.65,25.372
5.0,8.0,7.0,12.0,4.0,1.0,3.0,2.1,0.000195,128.73,12.208
10.0,10.0,7.0,9.0,2.0,2.0,2.0,3.2,0.000381,196.7,23.55
12.0,6.0,2.0,13.0,2.0,4.0,4.0,2.2,0.00045,245.27,25.815
9.0,3.0,5.0,7.0,4.0,4.0,2.0,2.3,0.0,0.0,0.0
15.0,10.0,5.0,8.0,2.0,3.0,3.0,3.0,0.000586,266.1,34.096
12.0,6.0,4.0,6.0,2.0,3.0,4.0,3.9,0.0,0.0,0.0
1.0,7.0,2.0,8.0,2.0,3.0,2.0,2.2,0.000169,16.716,2.239
14.0,7.0,7.0,9.0,1.0,1.0,4.0,3.0,0.000515,171.01,25.093
11.0,8.0,7.0,15.0,3.0,4.0,3.0,3.1,0.000413,458.22,35.734
3.0,8.0,5.0,15.0,4.0,3.0,3.0,2.0,0.000149,310.2,19.664
4.0,10.0,2.0,8.0,2.0,4.0,3.0,3.3,0.00019,82.95,9.82
13.0,2.0,3.0,12.0,2.0,2.0,4.0,3.2,0.000468,168.51,23.226
16.0,3.0,8.0,16.0,2.0,4.0,2.0,2.9,0.0,0.0,0.0
2.0,6.0,6.0,8.0,3.0,3.0,4.0,2.4,0.000129,35.802,4.245
14.0,7.0,10.0,11.0,2.0,3.0,1.0,2.9,0.000515,316.77,34.243
10.0,9.0,6.0,10.0,2.0,3.0,3.0,3.0,0.00038,157.89,20.525
5.0,6.0,8.0,16.0,4.0,4.0,2.0,3.2,0.000195,560.64,36.761
2.0,3.0,5.0,11.0,1.0,3.0,1.0,3.3,0.000129,40.426,4.459
4.0,7.0,4.0,6.0,3.0,2.0,3.0,3.6,0.00019,55.172,7.172
14.0,5.0,10.0,7.0,1.0,3.0,1.0,3.4,0.000515,297.03,32.547
1.0,4.0,6.0,16.0,2.0,4.0,3.0,2.5,0.000169,488.75,28.729
2.0,2.0,9.0,12.0,1.0,4.0,3.0,3.3,0.0,0.0,0.0
2.0,5.0,7.0,12.0,4.0,2.0,1.0,3.0,0.000125,66.91,5.646
13.0,4.0,5.0,14.0,4.0,1.0,4.0,3.2,0.000468,335.82,30.876
7.0,6.0,2.0,10.0,1.0,3.0,1.0,2.5,0.000269,98.12,12.481
9.0,9.0,8.0,10.0,1.0,3.0,1.0,3.5,0.000371,155.79,19.477
6.0,6.0,10.0,9.0,2.0,1.0,4.0,3.7,0.000226,124.6,14.228
1.0,10.0,6.0,6.0,4.0,3.0,1.0,2.8,0.000169,24.378,2.864
6.0,5.0,3.0,8.0,4.0,1.0,2.0,3.2,0.0,0.0,0.0
1.0,2.0,10.0,12.0,2.0,1.0,4.0,3.3,0.000171,48.843,4.541
7.0,4.0,5.0,7.0,4.0,3.0,3.0,2.6,0.000269,124.65,12.875
9.0,8.0,5.0,16.0,3.0,3.0,2.0,2.8,0.000333,593.39,43.235
12.0,6.0,10.0,16.0,2.0,2.0,1.0,2.3,0.00045,677.76,53.746
7.0,6.0,4.0,11.0,2.0,2.0,1.0,3.9,0.000269,93.418,12.478
8.0,8.0,6.0,10.0,2.0,3.0,4.0,2.1,0.000305,122.4,15.743
2.0,4.0,9.0,12.0,3.0,3.0,4.0,3.1,0.000129,63.253,6.426
7.0,6.0,6.0,10.0,4.0,2.0,3.0,2.4,0.000269,120.72,13.231
13.0,2.0,3.0,10.0,1.0,4.0,2.0,3.4,0.0,0.0,0.0
10.0,2.0,6.0,11.0,1.0,4.0,4.0,3.3,0.0,0.0,0.0
14.0,7.0,9.0,9.0,4.0,4.0,3.0,2.3,0.000515,323.97,31.893
3.0,4.0,7.0,11.0,4.0,4.0,1.0,3.2,0.000149,76.735,7.034
2.0,8.0,5.0,7.0,2.0,4.0,4.0,2.5,0.0,0.0,0.0
5.0,5.0,3.0,11.0,3.0,4.0,2.0,3.2,0.000195,99.534,10.255
16.0,4.0,2.0,14.0,2.0,2.0,2.0,2.3,0.000592,302.29,33.191
9.0,10.0,2.0,6.0,3.0,3.0,2.0,2.1,0.0,0.0,0.0
10.0,4.0,4.0,7.0,2.0,4.0,3.0,2.4,0.000381,151.29,17.971
3.0,5.0,4.0,15.0,4.0,2.0,4.0,3.7,0.000149,593.09,35.686
16.0,4.0,3.0,13.0,2.0,2.0,1.0,2.4,0.000592,236.59,29.533
8.0,5.0,4.0,14.0,3.0,1.0,3.0,2.2,0.000305,234.78,20.942
12.0,10.0,6.0,8.0,4.0,4.0,2.0,2.4,0.00045,300.2,30.267
4.0,8.0,8.0,11.0,2.0,4.0,4.0,3.0,0.00019,86.89,9.68
6.0,2.0,2.0,11.0,4.0,2.0,4.0,3.8,0.0,0.0,0.0
12.0,7.0,4.0,13.0,2.0,4.0,3.0,3.9,0.00045,245.4,25.454
7.0,4.0,5.0,10.0,1.0,1.0,2.0,3.3,0.000269,84.915,11.961
7.0,6.0,9.0,6.0,4.0,2.0,1.0,2.9,0.000269,128.51,14.523
10.0,5.0,8.0,6.0,4.0,3.0,4.0,2.7,0.0,0.0,0.0
4.0,4.0,10.0,6.0,4.0,2.0,1.0,3.6,0.00019,84.35,9.468
16.0,9.0,7.0,14.0,4.0,1.0,4.0,3.2,0.000608,443.37,42.218
8.0,10.0,2.0,14.0,1.0,2.0,3.0,2.1,0.000305,281.03,25.534
5.0,9.0,4.0,13.0,2.0,2.0,3.0,3.6,0.000195,131.32,13.536
13.0,3.0,10.0,7.0,1.0,4.0,4.0,3.1,0.0,0.0,0.0
7.0,2.0,10.0,12.0,2.0,4.0,2.0,2.5,0.0,0.0,0.0
8.0,5.0,10.0,16.0,3.0,3.0,4.0,3.9,0.000305,1345.0,68.982
8.0,5.0,6.0,7.0,1.0,1.0,3.0,2.2,0.000305,89.822,13.543
6.0,9.0,10.0,7.0,4.0,2.0,1.0,2.4,0.000226,148.79,16.178
11.0,7.0,9.0,9.0,4.0,4.0,1.0,3.2,0.000413,254.21,24.905
12.0,2.0,6.0,9.0,3.0,3.0,1.0,2.3,0.0,0.0,0.0
15.0,8.0,6.0,8.0,3.0,2.0,3.0,3.0,0.000586,214.42,27.891
7.0,2.0,2.0,6.0,2.0,4.0,3.0,2.1,0.0,0.0,0.0
9.0,10.0,6.0,7.0,2.0,1.0,2.0,3.3,0.000332,171.68,20.728
12.0,6.0,9.0,6.0,4.0,1.0,3.0,3.3,0.00045,218.21,24.895
8.0,5.0,10.0,15.0,4.0,3.0,1.0,2.0,0.000305,414.14,32.077
5.0,9.0,4.0,11.0,1.0,2.0,2.0,2.4,0.000195,88.439,10.941
13.0,4.0,7.0,9.0,2.0,2.0,1.0,2.4,0.000468,152.29,22.349
2.0,6.0,6.0,11.0,1.0,2.0,1.0,2.2,0.000129,38.676,4.433
15.0,8.0,8.0,10.0,2.0,4.0,4.0,3.1,0.000586,274.02,31.358
15.0,7.0,6.0,13.0,2.0,3.0,1.0,2.9,0.000586,261.73,30.039
8.0,2.0,9.0,6.0,1.0,1.0,4.0,2.0,0.0,0.0,0.0
8.0,4.0,8.0,15.0,4.0,2.0,3.0,2.5,0.000305,388.3,28.737
7.0,4.0,3.0,11.0,3.0,1.0,1.0,3.7,0.000269,100.56,12.579
8.0,5.0,7.0,14.0,4.0,1.0,4.0,3.8,0.000305,262.62,22.541
12.0,4.0,4.0,15.0,1.0,3.0,2.0,3.5,0.00045,388.68,33.668
3.0,9.0,8.0,9.0,1.0,1.0,3.0,3.0,0.000149,52.661,6.715
13.0,7.0,7.0,12.0,1.0,2.0,4.0,3.1,0.000468,182.32,25.004
16.0,7.0,3.0,13.0,3.0,1.0,2.0,2.9,0.000592,272.6,31.466
14.0,4.0,5.0,10.0,1.0,2.0,3.0,2.1,0.000515,158.25,23.639
4.0,6.0,3.0,8.0,4.0,2.0,4.0,3.3,0.0,0.0,0.0
2.0,4.0,9.0,11.0,3.0,4.0,1.0,3.8,0.000129,54.71,5.408
14.0,4.0,10.0,9.0,4.0,4.0,1.0,3.8,0.000515,348.53,34.468
12.0,10.0,10.0,8.0,1.0,2.0,2.0,2.0,0.00045,328.0,35.121
12.0,5.0,5.0,14.0,4.0,4.0,2.0,2.7,0.00045,371.52,30.087
1.0,5.0,10.0,14.0,1.0,2.0,1.0,2.0,0.000169,146.64,9.518
5.0,10.0,6.0,9.0,3.0,3.0,2.0,2.3,0.000195,102.74,12.204
9.0,8.0,7.0,15.0,1.0,1.0,4.0,2.1,0.000333,659.26,46.919
4.0,8.0,8.0,8.0,2.0,2.0,2.0,2.8,0.00019,57.049,7.896
6.0,3.0,7.0,6.0,3.0,3.0,2.0,3.3,0.000226,88.842,10.888
1.0,4.0,3.0,13.0,1.0,4.0,4.0,2.0,0.000169,76.58,6.542
14.0,10.0,8.0,9.0,3.0,4.0,4.0,2.4,0.000515,326.22,36.003
10.0,8.0,5.0,12.0,2.0,4.0,3.0,2.8,0.00038,204.44,21.454
15.0,7.0,5.0,13.0,4.0,4.0,4.0,2.6,0.000586,368.59,33.623
7.0,9.0,5.0,10.0,1.0,1.0,1.0,3.1,0.000269,108.83,14.267
1.0,5.0,10.0,6.0,4.0,1.0,4.0,2.5,0.0,0.0,0.0
12.0,10.0,3.0,16.0,1.0,4.0,3.0,3.2,0.00045,706.81,54.364
12.0,6.0,3.0,7.0,4.0,4.0,4.0,3.5,0.0,0.0,0.0
11.0,9.0,10.0,12.0,4.0,2.0,3.0,3.7,0.000413,310.27,31.496
15.0,8.0,5.0,15.0,4.0,4.0,1.0,2.0,0.000586,550.74,43.646
7.0,8.0,3.0,14.0,2.0,3.0,3.0,3.1,0.000269,229.29,19.978
6.0,9.0,7.0,12.0,4.0,3.0,3.0,3.8,0.000226,162.22,15.135
6.0,10.0,3.0,8.0,2.0,2.0,4.0,2.8,0.000226,117.5,14.001
9.0,3.0,8.0,14.0,2.0,2.0,4.0,2.3,0.000333,243.28,23.985
16.0,5.0,6.0,7.0,1.0,4.0,1.0,2.8,0.000608,247.2,28.901
9.0,6.0,5.0,15.0,1.0,4.0,4.0,2.5,0.000333,684.36,46.693
3.0,10.0,5.0,6.0,2.0,4.0,1.0,3.3,0.000149,61.295,7.343
13.0,5.0,10.0,9.0,1.0,3.0,3.0,3.8,0.000468,280.0,30.433
1.0,5.0,4.0,7.0,1.0,4.0,4.0,2.4,0.0,0.0,0.0
16.0,10.0,3.0,6.0,3.0,3.0,3.0,3.0,0.000608,303.03,36.786
10.0,3.0,3.0,11.0,4.0,1.0,4.0,3.8,0.0,0.0,0.0
3.0,8.0,5.0,6.0,3.0,4.0,2.0,3.6,0.000149,56.552,6.187
7.0,4.0,4.0,16.0,1.0,4.0,1.0,3.3,0.000269,545.78,38.452
16.0,4.0,9.0,7.0,1.0,1.0,1.0,2.8,0.000592,228.94,31.333
6.0,10.0,3.0,6.0,4.0,2.0,2.0,2.5,0.0,0.0,0.0
14.0,8.0,6.0,16.0,3.0,3.0,4.0,3.8,0.000515,1405.5,76.996
6.0,7.0,7.0,10.0,1.0,1.0,1.0,2.1,0.000226,81.317,11.2
11.0,10.0,7.0,10.0,3.0,1.0,4.0,2.1,0.000413,242.0,27.186
9.0,8.0,2.0,12.0,1.0,3.0,2.0,3.8,0.000371,155.72,18.107
11.0,5.0,10.0,16.0,3.0,3.0,2.0,3.5,0.000413,671.61,51.606
4.0,3.0,2.0,6.0,2.0,4.0,1.0,3.9,0.0,0.0,0.0
9.0,10.0,7.0,6.0,4.0,1.0,2.0,2.4,0.000333,216.86,22.305
8.0,7.0,2.0,16.0,2.0,2.0,4.0,3.8,0.000305,1277.4,64.07
11.0,7.0,4.0,16.0,1.0,1.0,1.0,2.5,0.000413,564.63,44.883
4.0,5.0,2.0,14.0,1.0,3.0,2.0,3.5,0.00019,179.91,13.916
6.0,2.0,5.0,12.0,2.0,2.0,1.0,2.3,0.000226,99.41,11.988
1.0,9.0,2.0,9.0,3.0,2.0,1.0,3.6,0.0,0.0,0.0
11.0,5.0,5.0,9.0,4.0,1.0,1.0,3.3,0.000413,175.85,19.704
9.0,4.0,4.0,13.0,4.0,3.0,2.0,3.1,0.000332,222.69,20.033
10.0,8.0,2.0,11.0,4.0,4.0,2.0,2.7,0.0,0.0,0.0
10.0,4.0,10.0,13.0,1.0,4.0,3.0,3.6,0.00038,291.39,27.48
9.0,8.0,5.0,12.0,4.0,1.0,3.0,3.7,0.000371,194.01,19.31
3.0,5.0,5.0,10.0,1.0,3.0,1.0,2.5,0.000149,48.677,5.823
14.0,8.0,9.0,6.0,1.0,4.0,1.0,3.6,0.000515,277.6,31.174
7.0,2.0,3.0,6.0,4.0,3.0,3.0,2.1,0.0,0.0,0.0
15.0,2.0,9.0,10.0,2.0,4.0,3.0,2.3,0.0,0.0,0.0
3.0,8.0,3.0,6.0,1.0,4.0,1.0,3.6,0.000149,49.76,5.949
5.0,10.0,2.0,9.0,2.0,3.0,2.0,2.4,0.000195,92.267,11.741
1.0,7.0,7.0,10.0,4.0,2.0,1.0,2.8,0.000169,28.031,2.651
5.0,5.0,10.0,8.0,3.0,4.0,4.0,2.9,0.000195,118.82,12.64
9.0,2.0,3.0,7.0,1.0,4.0,3.0,2.3,0.0,0.0,0.0
13.0,3.0,2.0,15.0,3.0,2.0,1.0,2.2,0.0,0.0,0.0
14.0,3.0,2.0,6.0,3.0,3.0,1.0,3.3,0.0,0.0,0.0
4.0,7.0,3.0,15.0,3.0,3.0,4.0,3.4,0.00019,604.62,37.636
2.0,7.0,5.0,10.0,2.0,4.0,1.0,3.2,0.000129,42.793,4.566
5.0,9.0,7.0,9.0,2.0,4.0,1.0,2.1,0.000195,93.782,11.282
13.0,6.0,3.0,10.0,1.0,4.0,4.0,2.8,0.000468,208.65,24.095
15.0,5.0,4.0,11.0,2.0,3.0,4.0,3.6,0.000586,204.6,26.557
15.0,7.0,3.0,16.0,1.0,4.0,2.0,2.9,0.000586,684.51,53.542
13.0,7.0,2.0,7.0,1.0,1.0,3.0,3.6,0.000468,145.69,21.973
6.0,8.0,6.0,13.0,3.0,3.0,2.0,3.5,0.000226,164.8,15.12
12.0,4.0,9.0,12.0,4.0,4.0,2.0,3.7,0.00045,298.25,27.854
6.0,9.0,6.0,8.0,4.0,1.0,2.0,3.3,0.000226,118.1,12.846
7.0,8.0,6.0,12.0,3.0,2.0,4.0,3.4,0.000269,127.77,15.059
4.0,10.0,7.0,14.0,1.0,4.0,2.0,3.7,0.00019,211.42,16.858
9.0,7.0,3.0,7.0,2.0,1.0,3.0,2.9,0.000333,103.83,15.381
8.0,7.0,3.0,9.0,2.0,1.0,3.0,2.5,0.000305,95.77,13.899
7.0,5.0,2.0,12.0,2.0,1.0,2.0,3.0,0.000269,110.38,13.263
6.0,7.0,7.0,15.0,1.0,3.0,3.0,2.8,0.000226,335.12,24.502
1.0,6.0,5.0,9.0,2.0,4.0,1.0,3.4,0.000171,20.182,2.433
3.0,3.0,4.0,11.0,3.0,4.0,1.0,2.3,0.0,0.0,0.0
3.0,8.0,10.0,6.0,2.0,4.0,1.0,2.9,0.000149,76.103,7.952
8.0,5.0,5.0,16.0,2.0,4.0,1.0,2.3,0.000305,565.91,40.674
13.0,10.0,8.0,7.0,1.0,4.0,2.0,3.8,0.000468,276.0,32.163
15.0,7.0,7.0,6.0,3.0,4.0,1.0,2.8,0.000586,270.94,29.254
9.0,8.0,5.0,6.0,1.0,1.0,1.0,3.3,0.000332,109.04,16.032
3.0,3.0,2.0,16.0,4.0,3.0,2.0,2.5,0.0,0.0,0.0
1.0,8.0,2.0,12.0,4.0,2.0,1.0,3.4,0.0,0.0,0.0
3.0,6.0,4.0,12.0,2.0,1.0,1.0,2.8,0.000149,67.272,6.871
1.0,4.0,9.0,13.0,4.0,2.0,2.0,3.5,0.000171,89.219,5.912
12.0,8.0,7.0,10.0,2.0,1.0,1.0,2.0,0.00045,162.1,22.692
11.0,7.0,2.0,14.0,4.0,1.0,1.0,3.1,0.0,0.0,0.0
15.0,7.0,4.0,15.0,4.0,4.0,1.0,2.3,0.000586,535.24,42.165
3.0,10.0,8.0,6.0,4.0,4.0,1.0,3.7,0.000149,78.0,8.1
3.0,10.0,9.0,16.0,3.0,4.0,2.0,3.5,0.000149,526.45,34.448
1.0,3.0,6.0,10.0,2.0,4.0,1.0,2.6,0.0,0.0,0.0
3.0,7.0,8.0,6.0,2.0,4.0,3.0,3.3,0.000149,53.419,6.23
6.0,9.0,9.0,10.0,4.0,4.0,1.0,3.3,0.000226,157.4,15.33
11.0,6.0,10.0,10.0,3.0,4.0,1.0,3.3,0.000413,259.99,27.058
3.0,4.0,6.0,11.0,2.0,2.0,3.0,3.3,0.000149,49.601,5.964
8.0,3.0,5.0,13.0,2.0,4.0,1.0,3.1,0.0,0.0,0.0
1.0,7.0,2.0,10.0,2.0,1.0,1.0,3.4,0.000171,22.563,2.322
6.0,8.0,5.0,12.0,2.0,2.0,1.0,3.4,0.000226,106.9,12.528
6.0,7.0,9.0,10.0,4.0,2.0,4.0,3.4,0.000226,122.61,13.455
7.0,7.0,7.0,9.0,4.0,1.0,1.0,3.6,0.000269,120.16,13.34
4.0,10.0,5.0,12.0,4.0,4.0,1.0,3.3,0.00019,132.84,12.037
15.0,8.0,5.0,15.0,2.0,1.0,1.0,3.2,0.000586,416.74,39.347
12.0,2.0,2.0,15.0,1.0,2.0,1.0,3.6,0.00045,361.45,32.141
4.0,7.0,6.0,7.0,4.0,4.0,1.0,2.6,0.00019,84.989,8.432
14.0,8.0,7.0,6.0,1.0,2.0,1.0,2.1,0.000515,175.85,25.855
3.0,10.0,5.0,11.0,2.0,4.0,1.0,3.7,0.000149,75.82,8.163
10.0,7.0,2.0,10.0,1.0,3.0,1.0,3.8,0.000382,138.1,17.916
13.0,8.0,7.0,6.0,4.0,3.0,1.0,3.4,0.000468,246.86,26.126
3.0,7.0,5.0,13.0,4.0,4.0,3.0,2.1,0.000149,119.76,9.952
3.0,7.0,9.0,12.0,2.0,3.0,1.0,3.0,0.000149,85.943,8.245
3.0,7.0,4.0,11.0,2.0,4.0,1.0,2.5,0.000149,63.326,6.731
2.0,4.0,10.0,15.0,3.0,2.0,3.0,3.6,0.000129,291.08,18.083
3.0,7.0,2.0,16.0,2.0,4.0,1.0,3.4,0.000149,490.41,31.917
2.0,9.0,2.0,12.0,1.0,4.0,2.0,3.7,0.000129,69.995,6.231
1.0,5.0,6.0,6.0,2.0,4.0,1.0,3.3,0.000171,17.3,2.278
13.0,7.0,7.0,12.0,1.0,4.0,1.0,2.7,0.000468,243.02,26.507
16.0,7.0,5.0,10.0,4.0,4.0,1.0,3.3,0.000608,338.53,31.837
6.0,10.0,2.0,7.0,2.0,4.0,1.0,3.1,0.000226,120.28,14.089
1.0,3.0,7.0,12.0,2.0,1.0,1.0,3.4,0.000171,45.766,3.596
1.0,3.0,7.0,10.0,2.0,4.0,1.0,3.1,0.0,0.0,0.0
15.0,10.0,5.0,10.0,3.0,4.0,1.0,3.9,0.000586,334.98,36.32
11.0,4.0,4.0,6.0,2.0,4.0,3.0,2.3,0.000413,165.24,19.719
15.0,7.0,2.0,7.0,2.0,4.0,1.0,3.4,0.000582,235.32,27.313
14.0,2.0,5.0,13.0,2.0,4.0,1.0,2.6,0.0,0.0,0.0
3.0,4.0,10.0,13.0,3.0,4.0,1.0,3.3,0.000149,130.97,10.762
9.0,7.0,5.0,11.0,2.0,3.0,1.0,2.4,0.000333,133.42,16.889
6.0,8.0,7.0,15.0,2.0,4.0,3.0,3.6,0.000226,355.16,25.31
1.0,9.0,9.0,9.0,3.0,4.0,1.0,3.3,0.000171,26.325,3.079
3.0,7.0,3.0,13.0,2.0,3.0,1.0,3.4,0.000149,103.49,8.75
10.0,3.0,3.0,15.0,2.0,2.0,1.0,3.3,0.00038,342.78,29.011
13.0,8.0,3.0,6.0,2.0,4.0,1.0,3.3,0.000468,211.27,24.732
8.0,8.0,3.0,6.0,2.0,4.0,1.0,3.2,0.000305,130.83,15.296
1.0,8.0,5.0,6.0,2.0,4.0,1.0,2.5,0.000169,18.181,2.54
7.0,8.0,5.0,6.0,2.0,4.0,1.0,3.4,0.000269,115.55,13.339
1.0,9.0,5.0,6.0,2.0,4.0,1.0,3.3,0.000171,19.266,2.56
1.0,6.0,3.0,10.0,1.0,4.0,1.0,3.2,0.000171,26.557,2.752
3.0,7.0,5.0,13.0,2.0,4.0,1.0,3.3,0.000149,111.86,9.127
1.0,9.0,3.0,6.0,2.0,4.0,1.0,3.3,0.000171,19.149,2.546
7.0,8.0,6.0,10.0,2.0,4.0,1.0,2.8,0.000269,126.0,13.978
1.0,3.0,5.0,9.0,2.0,4.0,1.0,3.7,0.0,0.0,0.0
10.0,4.0,5.0,10.0,2.0,4.0,1.0,2.7,0.00038,159.89,18.381
13.0,7.0,5.0,10.0,2.0,4.0,1.0,3.3,0.000468,214.98,24.4
1.0,6.0,7.0,6.0,2.0,4.0,1.0,3.3,0.000171,17.865,2.337
3.0,6.0,5.0,9.0,4.0,4.0,1.0,3.3,0.000149,65.453,6.267
1.0,6.0,5.0,15.0,2.0,4.0,1.0,3.3,0.000171,251.38,14.973
4.0,10.0,3.0,10.0,2.0,4.0,1.0,3.3,0.00019,90.053,10.154
1.0,5.0,5.0,6.0,2.0,4.0,1.0,2.2,0.000169,17.234,2.471
1.0,6.0,5.0,6.0,2.0,4.0,1.0,3.3,0.000171,17.373,2.28
1.0,8.0,5.0,10.0,2.0,4.0,1.0,3.3,0.000171,27.67,2.881
1.0,7.0,5.0,12.0,2.0,4.0,1.0,3.3,0.000171,50.301,4.086
1.0,5.0,5.0,6.0,2.0,4.0,1.0,3.3,0.000171,17.234,2.26
1.0,9.0,7.0,6.0,2.0,4.0,1.0,3.3,0.000171,19.757,2.616
1.0,6.0,5.0,12.0,2.0,4.0,1.0,3.3,0.000171,50.055,4.047
1.0,4.0,5.0,10.0,2.0,4.0,1.0,3.3,0.000171,26.291,2.725
1.0,8.0,5.0,6.0,2.0,4.0,1.0,3.3,0.000171,18.181,2.402
1.0,8.0,5.0,6.0,1.0,4.0,1.0,3.3,0.000171,18.005,2.393
1.0,7.0,7.0,6.0,2.0,4.0,1.0,3.3,0.000171,18.111,2.376
1.0,7.0,5.0,6.0,2.0,4.0,1.0,3.3,0.000171,17.62,2.319
1.0,8.0,7.0,6.0,2.0,4.0,1.0,3.3,0.000171,18.673,2.458
1.0,7.0,5.0,6.0,3.0,4.0,1.0,3.3,0.000171,19.45,2.396
1.0,5.0,7.0,6.0,2.0,4.0,1.0,3.3,0.000171,17.726,2.316
3.0,7.0,5.0,6.0,2.0,4.0,1.0,3.3,0.000149,48.995,5.796
